t_s,evento,frame,x,y
0.450,out,27,1173,636
3.971,out,238,1201,573
4.154,in,249,1119,556
5.272,in,316,1150,588
6.623,in,397,1150,588
13.397,out,803,1161,594
14.648,out,878,1158,618
17.084,out,1024,1147,598
18.202,out,1091,1105,519
18.585,in,1114,1144,615
19.152,out,1148,1141,573
19.469,in,1167,1162,657
19.920,out,1194,1066,543
20.270,in,1215,1159,609
21.622,out,1296,1129,516
22.523,in,1350,1165,666
24.191,in,1450,1162,594
24.741,out,1483,1087,499
25.792,in,1546,1161,588
26.076,in,1563,1164,628
26.810,in,1607,1164,628
27.394,in,1642,1167,603
27.895,in,1672,1167,636
28.295,out,1696,960,622
29.263,in,1754,1156,609
29.530,in,1770,1158,601
30.631,in,1836,1150,582
31.181,out,1869,1066,546
31.198,in,1870,1159,598
32.115,out,1925,1060,555
32.482,out,1947,1158,613
33.834,out,2028,1174,627
34.434,out,2064,1159,604
34.585,in,2073,1147,588
35.002,in,2098,1134,597
36.436,in,2184,1147,594
37.738,out,2262,1159,624
40.440,in,2424,1149,600
43.727,in,2621,1131,579
45.395,in,2721,1122,573
45.729,in,2741,1126,573
46.513,out,2788,1122,555
47.097,out,2823,969,618
47.514,out,2848,1099,549
47.864,in,2869,1162,613
50.000,out,2997,1180,591
50.901,in,3051,1162,642
51.034,out,3059,1122,565
51.935,out,3113,1143,597
52.319,in,3136,1147,685
53.003,out,3177,1077,538
53.720,in,3220,1141,597
